player_name,Pos,salary,exp_t_wA
James Harden,PG,30.57,38.55431109528064
Kawhi Leonard,SF,23.114066,39.25454551065901
KarlAnthony Towns,C,7.839435,45.18545066760722
Luka Doncic,SG,6.56904,22.583577444705625
John Collins,PF,2.29908,30.914005129426858
